business_name,city,address,website,instagram,facebook,phone,email,export_group,export_reason,business_type,women_fashion_relevance,physical_store,carries_other_brands,potential_stockist,stockist_lead,confidence,entity_quality,manual_review,discovered_by_queries,source_urls,export_evidence
,,,,,https://facebook.com/routinewomen/videos/%F0%9D%90%87%F0%9D%90%8E%F0%9D%90%96-%F0%9D%90%8C%F0%9D%90%80%F0%9D%90%8D%F0%9D%90%98-%F0%9D%90%8E%F0%9D%90%94%F0%9D%90%93%F0%9D%90%85%F0%9D%90%88%F0%9D%90%93%F0%9D%90%92-%F0%9D%90%82%F0%9D%90%80%F0%9D%90%8D-%F0%9D%90%98%F0%9D%90%8E%F0%9D%90%94-%F0%9D%90%92%F0%9D%90%93%F0%9D%90%98%F0%9D%90%8B%F0%9D%90%84-%F0%9D%90%96%F0%9D%90%88%F0%9D%90%93%F0%9D%90%87-%F0%9D%9F%8F%F0%9D%9F%8E%F0%9D%9F%8E-%F0%9D%90%80%F0%9D%90%93-%F0%9D%90%91%F0%9D%90%8E%F0%9D%90%94%F0%9D%90%93%F0%9D%90%88%F0%9D%90%8D%F0%9D%90%84-%F0%9D%90%94-%F0%9D%90%92%F0%9D%90%8F%F0%9D%90%80%F0%9D%90%82%F0%9D%90%84-583-su-van-hanh-stree/899766215977378,,,REVIEW,entity_relationship_not_self:UNKNOWN,UNKNOWN,UNKNOWN,UNKNOWN,UNKNOWN,UNKNOWN,UNKNOWN,LOW,REJECTED,TRUE,multi brand fashion store Goa,https://facebook.com/routinewomen/videos/%F0%9D%90%87%F0%9D%90%8E%F0%9D%90%96-%F0%9D%90%8C%F0%9D%90%80%F0%9D%90%8D%F0%9D%90%98-%F0%9D%90%8E%F0%9D%90%94%F0%9D%90%93%F0%9D%90%85%F0%9D%90%88%F0%9D%90%93%F0%9D%90%92-%F0%9D%90%82%F0%9D%90%80%F0%9D%90%8D-%F0%9D%90%98%F0%9D%90%8E%F0%9D%90%94-%F0%9D%90%92%F0%9D%90%93%F0%9D%90%98%F0%9D%90%8B%F0%9D%90%84-%F0%9D%90%96%F0%9D%90%88%F0%9D%90%93%F0%9D%90%87-%F0%9D%9F%8F%F0%9D%9F%8E%F0%9D%9F%8E-%F0%9D%90%80%F0%9D%90%93-%F0%9D%90%91%F0%9D%90%8E%F0%9D%90%94%F0%9D%90%93%F0%9D%90%88%F0%9D%90%8D%F0%9D%90%84-%F0%9D%90%94-%F0%9D%90%92%F0%9D%90%8F%F0%9D%90%80%F0%9D%90%82%F0%9D%90%84-583-su-van-hanh-stree/899766215977378,official_identity_weak
About Us - The Fashion Closet Goa,,,https://thefashionclosetgoa.in/about-us,,,,,REVIEW,fashion_retail_evidence_missing,UNKNOWN,UNKNOWN,UNKNOWN,UNKNOWN,UNKNOWN,UNKNOWN,MEDIUM,HIGH,TRUE,women's fashion boutique Goa,https://thefashionclosetgoa.in/about-us,"The provided text excerpt is empty.; The structured facts and headings are missing.; No specific evidence on the page content (e.g., list of carried brands, store description) is available in the input to confirm if it carries multiple independent labels or fits an independent contemp"
Ad Choices,,,https://aboutads.info,,,,,REVIEW,mentioned_business_not_self,UNKNOWN,UNKNOWN,UNKNOWN,UNKNOWN,UNKNOWN,UNKNOWN,MEDIUM,LOW,TRUE,multi brand fashion store Goa,https://vogue.com/article/how-to-sell-now-multi-brand; https://vogue.com/article/antwerp-belgium-guide,official_identity_weak
Adria,,,https://vogueadria.com,,,,,REVIEW,mentioned_business_not_self,UNKNOWN,UNKNOWN,UNKNOWN,UNKNOWN,UNKNOWN,UNKNOWN,MEDIUM,LOW,TRUE,multi brand fashion store Goa,https://vogue.com/article/how-to-sell-now-multi-brand; https://vogue.com/article/antwerp-belgium-guide,official_identity_weak
AND India,"MIDC, Rabalej","R-847/1/1, TTC industrial estate, Cross road no 5, MIDC, Rabalej, Navi Mumbai, Maharashtra, 400701, India",https://globaldesi.in/on/demandware.store/Sites-GD-Site/default/Default-Start?srsltid=AU7gw4V_7fTuuffX7LngEhe8q_LpgdE737m9Zhpvuw9l5PzMX4Y0WC_7,https://instagram.com/myglobaldesi,https://facebook.com/myglobaldesi,+91 7303030343,care@globaldesi.in,REVIEW,geography_unconfirmed,DESIGNER,MEDIUM,YES,NO,NO,UNKNOWN,HIGH,MEDIUM,TRUE,women's fashion boutique Goa,https://globaldesi.in?srsltid=AU7gw4V_7fTuuffX7LngEhe8q_LpgdE737m9Zhpvuw9l5PzMX4Y0WC_7; https://andindia.com,"The website explicitly states 'About The Brand' and 'Design Philosophy', indicating it is an own-label designer brand.; The business type is identified as 'DESIGNER' with signals like 'designer_evidence'.; The address provided (MIDC industrial estate) suggests a manufacturing or headquarters location rather than a curated multi-brand retail boutique.; There is no evidence of carrying multiple independent labels; the site focuses on its own collections ('New In', 'Bestseller')."
Apricot Lane Boutique,,"Boutique Locations APRICOT LANE | Abilene Apricot Lane Boutique 2507 N Judge Ely Blvd, Abilene, TX 79601 P.",https://apricotlaneboutique.com,https://instagram.com/apricotlaneabilene,https://facebook.com/apricotlaneabilene,325) 704-2584,,REVIEW,geography_unconfirmed,BOUTIQUE,HIGH,YES,NO,NO,UNKNOWN,HIGH,MEDIUM,TRUE,women's fashion boutique Goa,https://apricotlaneboutique.com,The website explicitly identifies 'Apricot Lane' as a 'leading fashion boutique retail franchise' with multiple locations. The text describes it as a franchise model ('SELECT YOUR STATE') rather than 
artjuna collection shop,,,https://artjuna.com/artjuna-lifestyle-collection-store-goa,,,,,REVIEW,geography_unconfirmed,UNKNOWN,UNKNOWN,UNKNOWN,UNKNOWN,UNKNOWN,UNKNOWN,MEDIUM,MEDIUM,TRUE,concept store Goa fashion,https://artjuna.com/artjuna-lifestyle-collection-store-goa,"The provided text excerpt is empty and structured facts are missing. The page title 'artjuna collection shop' suggests a retail entity, but without visible content confirming it sells multiple indepen; The search query mentions 'concept store', but the specific page content does not explicitly confirm the multi-brand nature required for a YES classification."
Aza Fashions,Mumbai,"Naman Midtown, A Wing, Office No. 1801, 18th Floor, Senapati Bapat Marg, Prabhadevi, Mumbai, Maharashtra, 400025, IN",https://azafashions.com?srsltid=AU7gw4V_Sq-GVLh6eYEkG99V8YCO8YV7Z94JIYLt596R53erb2YcX92B,https://instagram.com/azafashions,https://facebook.com/AzaFashions,+91-8291990059,contactus@azafashions.com,REVIEW,geography_unconfirmed,DESIGNER,HIGH,YES,YES,YES,UNKNOWN,HIGH,MEDIUM,TRUE,women's fashion boutique Goa,https://azafashions.com?srsltid=AU7gw4V_Sq-GVLh6eYEkG99V8YCO8YV7Z94JIYLt596R53erb2YcX92B,"The text explicitly states Aza Fashions was founded with a vision to create a 'welcoming destination for the finest in Indian luxury fashion' and evolved into a 'multi-designer destination'.; It mentions bringing together 'established names, emerging talent and distinctive voices' including specific high-profile labels like Sabyasachi, Tarun Tahiliani, Anita Dongre, etc.; The text describes it as a 'carefully curated selection' of '1,500+ designers and labels'.; It operates 13 physical stores..."
Born In Goa,,,https://borningoa.in?srsltid=AU7gw4UKyKJ8_3KZNCOrvn7S0aifFUCkqyHO40yc_0Sk80XX8Bg_fDA_,,,,,REVIEW,potential_stockist_no_without_hard_exclusion,BRAND,UNKNOWN,UNKNOWN,NO,NO,NO,MEDIUM,HIGH,TRUE,concept store Goa fashion,https://borningoa.in?srsltid=AU7gw4UKyKJ8_3KZNCOrvn7S0aifFUCkqyHO40yc_0Sk80XX8Bg_fDA_,"The website explicitly describes the business as 'Born In Goa | Goan Streetwear & Culture' and focuses on '97+ unique designs' of their own brand.; The meta description states they make 'premium Konkani streetwear oversized tees and hoodies for Goans', indicating an own-label designer model rather than a multi-brand retailer.; There is no evidence presented that this entity curates or sells other independent fashion labels; it functions as a single-brand studio/retailer selling its own products."
Carolina Paez,,,,,,,,REVIEW,geography_unconfirmed,UNKNOWN,UNKNOWN,UNKNOWN,UNKNOWN,UNKNOWN,UNKNOWN,MEDIUM,WEAK,TRUE,concept store Goa fashion,https://in.linkedin.com/in/carolina-paez-69b56a13/en,official_identity_weak
Checking your browser,,,,,,,,REVIEW,geography_unconfirmed,UNKNOWN,UNKNOWN,UNKNOWN,UNKNOWN,UNKNOWN,UNKNOWN,MEDIUM,WEAK,TRUE,multi brand fashion store Goa,https://linkedin.com/pulse/rise-multi-brand-retail-concept-apac-2024-edtronaut-zddzc,official_identity_weak
Chic Boutique Goa,,,,,https://facebook.com/ChicBoutiqueGoa,,,REVIEW,official_identity_weak,UNKNOWN,UNKNOWN,UNKNOWN,UNKNOWN,UNKNOWN,UNKNOWN,MEDIUM,WEAK,TRUE,women's fashion boutique Goa,https://facebook.com/ChicBoutiqueGoa,official_identity_weak
chic.boutique.goa,,,,https://instagram.com/chic.boutique.goa,,,,REVIEW,social_identity_insufficient_retail_evidence,UNKNOWN,UNKNOWN,UNKNOWN,UNKNOWN,UNKNOWN,YES,MEDIUM,HIGH,TRUE,women's fashion boutique Goa,https://instagram.com/chic.boutique.goa,fashion_retail_page_evidence; contactable; address_not_required
Cotton Cottage,Mumbai,"F 221 Sharad Industrial Estate, Lake Rd, Bhandup West, Mumbai, Maharashtra 400078, Mumbai, Maharashtra, 400078, IN",https://cottoncottageindia.com?srsltid=AU7gw4XK1cmjpvt6l_Dh42YnX1URgIoVEjYmu0ZJgrKKSqFJE81MfieR,https://instagram.com/cottoncottageindia?hl=en,https://facebook.com/Cottoncottageindia,+91 8828119992,care@cottoncottageindia.com,REVIEW,geography_unconfirmed,BRAND,MEDIUM,YES,NO,NO,UNKNOWN,HIGH,MEDIUM,TRUE,women's fashion boutique Goa,https://cottoncottageindia.com?srsltid=AU7gw4XK1cmjpvt6l_Dh42YnX1URgIoVEjYmu0ZJgrKKSqFJE81MfieR,"The website sells exclusively under its own brand name ('Cotton Cottage') and collaborations (e.g., 'Savio Dsilva x Cotton Cottage'), indicating it is an own-label designer/studio rather than a multi-; The structured data explicitly categorizes the business type as 'BRAND' with 'brand_evidence' signals, confirming it does not present multiple independent labels for sale.; While the search query mentions Goa, the physical store address and primary operations are in Mumbai. The page lists colle..."
Crystal Heal,Goa,,https://crystalhealshop.com,https://instagram.com/crystal_heal,https://facebook.com/crystalhealshop,,,REVIEW,potential_stockist_no_without_hard_exclusion,RETAILER,HIGH,YES,UNKNOWN,NO,NO,HIGH,HIGH,TRUE,concept store Goa fashion,https://crystalhealshop.com,"Physical retail locations in Goa and Jaipur confirmed via 'Visit Us' page.; Sells a wide variety of women's fashion items including dresses, tops, skirts, kurtas, and shawls.; Positioned as a lifestyle/festival concept store ('Boho Wanderer', 'Festival Bag') which typically implies a multi-brand or curated independent-designer model suitable for stockist partnerships."
CULT GAIA,,,https://cultgaia.com,,,,,REVIEW,geography_unconfirmed,UNKNOWN,UNKNOWN,UNKNOWN,UNKNOWN,UNKNOWN,UNKNOWN,MEDIUM,MEDIUM,TRUE,women's fashion boutique Goa,https://cultgaia.com,"The provided data contains only JSON-LD organization metadata (name, URLs) and enrichment roles. There is no text excerpt, headings, or structured facts describing the store's assortment, whether it c"
Des Kohan,,,https://deskohan.com,https://www.instagram.com/deskohan/?hl=en,,,,REVIEW,geography_unconfirmed,UNKNOWN,UNKNOWN,UNKNOWN,UNKNOWN,UNKNOWN,UNKNOWN,MEDIUM,MEDIUM,TRUE,multi brand fashion store Goa,https://deskohan.com,"The provided data contains only JSON-LD organization metadata (name, URLs, social links) and enrichment roles. There is no text excerpt, page content, or structured facts describing the store's invent; Without explicit mention of carrying other independent labels or being a multi-brand retailer in the available text/facts, we cannot confirm it fits the 'YES' criteria."
DSTRCT stores,,,https://dstrct-stores.com/en/dstrct-76-breda,https://instagram.com/dstrct76,https://facebook.com/Dstrct76,076 8508896,76@dstrct-stores.com,REVIEW,geography_unconfirmed,MULTI_DESIGNER,UNKNOWN,UNKNOWN,YES,YES,UNKNOWN,HIGH,MEDIUM,TRUE,multi brand fashion store Goa,https://dstrct-stores.com/en/dstrct-76-breda,"Physical boutique explicitly described as a 'multibrand fashion retail concept' hosting a mix of international brands.; Page features a dedicated section for 'FEATURED BRANDS', indicating the retailer carries multiple labels.; Text mentions offering looks from 'top brands' and having a wide range of clothing, shoes, and accessories.; The business model is identified as a franchise concept that hosts independent designer mixes."
Fabulous Women Boutique · Margão,,,,https://instagram.com/fabulous_women_boutique,,,,REVIEW,geography_unconfirmed,UNKNOWN,UNKNOWN,UNKNOWN,UNKNOWN,UNKNOWN,UNKNOWN,MEDIUM,MEDIUM,TRUE,women's fashion boutique Goa,https://instagram.com/fabulous_women_boutique; https://instagram.com/fabulous_women_boutique?hl=en,entity_quality_insufficient
Ginkgo T,,,https://ginkgotshirts.com/en?srsltid=AU7gw4VZIOOoQ1HgyW9yBHq_6OnznnWEQoyrATpw9_4edwKm3hTPhMjK,,,,,REVIEW,geography_unconfirmed,UNKNOWN,UNKNOWN,UNKNOWN,UNKNOWN,NO,UNKNOWN,MEDIUM,MEDIUM,TRUE,women's fashion boutique Goa,https://ginkgotshirts.com/en?srsltid=AU7gw4VZIOOoQ1HgyW9yBHq_6OnznnWEQoyrATpw9_4edwKm3hTPhMjK,"The website title explicitly states 'Ginkgo original quality clothing', indicating a single-brand/own-label studio model rather than a multi-brand retailer. The search query mentions 'boutique Goa', b"
Go Colors India,Chennai,"Gayathri Kethar,Company Secretary & Compliance Officer #43/20, Nungambakkam High Road, Chennai - 600034.",https://gocolors.com?srsltid=AU7gw4XrRX9q8CRKKyc0q4IwpqrhxlmeIqBV7V16-fDo1v61K83-NIT0,https://instagram.com/gocolors?hl=en,https://facebook.com/GoColorsOfficial,7305959422,customercare@gocolors.com,REVIEW,geography_unconfirmed,UNKNOWN,MEDIUM,YES,NO,NO,UNKNOWN,MEDIUM,MEDIUM,TRUE,women's fashion boutique Goa; concept store Goa fashion,https://gocolors.com?srsltid=AU7gw4XrRX9q8CRKKyc0q4IwpqrhxlmeIqBV7V16-fDo1v61K83-NIT0,"The website sells exclusively its own brand 'Go Colors' (bottom wear, leggings, kurtis, etc.) as indicated by the heading 'Go Colors – Stylish & Comfortable Bottom Wear for Women'.; The business model is a direct-to-consumer own-label retailer, not a multi-brand boutique or curated independent-designer store.; There is no evidence of carrying other independent contemporary fashion labels, which is a requirement for potential_stockist = YES."
Goa Clothing Company,,,https://goaclothing.com,,,,,REVIEW,multi_brand_status_unknown,UNKNOWN,UNKNOWN,UNKNOWN,UNKNOWN,UNKNOWN,UNKNOWN,MEDIUM,HIGH,TRUE,multi brand fashion store Goa,https://goaclothing.com,"The provided text excerpt is empty.; No specific product listings, brand names, or store descriptions are visible in the input data to confirm if 'Goa Clothing Company' carries multiple independent labels or operates as a multi-brand ret; The search query suggests a multi-brand intent, but the website content evidence required to verify this status is missing from the provided fields."
Goa Dresses for Women,,"The shirt dress is the most appropriate Zone 2 dress: covered enough for heritage interior spaces, breezy enough for humid afternoon heat, relaxed enough for market navigation.",https://nolabels.in/collections/goa-dresses-for-women,https://instagram.com/nolabels_in,https://facebook.com/nolabels.in,,,REVIEW,potential_stockist_no_without_hard_exclusion,BRAND,MEDIUM,YES,NO,NO,NO,HIGH,HIGH,TRUE,women's fashion boutique Goa,https://nolabels.in/collections/goa-dresses-for-women,"The website explicitly identifies 'Nolabels' as a single brand ('Our Story - Nolabels'), selling only its own collection of women's dresses and apparel.; The page lists specific locations for the brand's own stores ('NoLabels - Mohali', 'NoLabels - Amritsar') but does not mention carrying other independent labels or acting as a multi-brand retailer.; According to the criteria, a single-brand/own-label designer selling only its own products is classified as potential_stockist = NO, regardless ..."
Goa Goa,,,https://urbanprojectstore.com/en/brands/goa-goa_1041-336.html,,,,,REVIEW,third_party_listing_identity,UNKNOWN,HIGH,UNKNOWN,UNKNOWN,UNKNOWN,YES,MEDIUM,HIGH,TRUE,multi brand fashion store Goa,https://urbanprojectstore.com/en/brands/goa-goa_1041-336.html,"The page title identifies 'Goa Goa' as a women's clothing entity under the parent site 'Urban Project'. However, the provided text excerpt is empty and structured facts are missing. There is no explic"
Goa Magic Fashion,,,https://goamagicfashion.com?srsltid=AU7gw4Xge56HPpplSNZTXqe0c3kqtAbC72IsPP6dzLmA47p_IpsH8PLJ,https://instagram.com/goamagicfashion,https://facebook.com/goamagicfashion,+972 54 2084767,odeliasusak@gmail.com,REVIEW,potential_stockist_no_without_hard_exclusion,DESIGNER,UNKNOWN,UNKNOWN,NO,NO,NO,HIGH,HIGH,TRUE,women's fashion boutique Goa,https://goamagicfashion.com?srsltid=AU7gw4Xge56HPpplSNZTXqe0c3kqtAbC72IsPP6dzLmA47p_IpsH8PLJ,"The website explicitly describes the business as a 'unique bathing suit and yoga clothing brand' selling its own designs ('GMF designs', 'My designs').; The text focuses entirely on the founder's personal style and the brand's specific collections (swimsuits, activewear), indicating an own-label designer model rather than a multi-brand retailer.; There is no evidence of carrying other independent labels or acting as a curated boutique for multiple designers."
Goa Paris,Goa,ADRESSE DE RETOUR ▾ E-shop Goa (lot 280) 70 avenue Victor Hugo 93300 Aubervilliers – France BESOIN D'AIDE ?,https://goaparishop.com/en-en,,,,goasea.paris@gmail.com,REVIEW,ambiguous_identity_keep_separate,UNKNOWN,MEDIUM,YES,UNKNOWN,UNKNOWN,UNKNOWN,MEDIUM,HIGH,TRUE,women's fashion boutique Goa; multi brand fashion store Goa,https://goaparishop.com/en-en,"The page is a contact page for 'Goa Paris' with a physical return address in Aubervilliers, France. The business name and location suggest a fashion entity ('Paris', 'Goa'), but the provided text exce"
GOA PARIS,,,https://parisfashionshops.com/en/women/brand/goa,,,,,REVIEW,ambiguous_identity_keep_separate,UNKNOWN,UNKNOWN,UNKNOWN,UNKNOWN,UNKNOWN,UNKNOWN,MEDIUM,HIGH,TRUE,women's fashion boutique Goa; multi brand fashion store Goa,https://parisfashionshops.com/en/women/brand/goa,The provided text excerpt is empty and structured facts are missing. The page title suggests a list of brands ('GOA PARIS | Paris Fashion Shops') rather than a specific retailer's homepage. Without vi
Goa Wear for Women,,,,,,,,REVIEW,official_identity_weak,UNKNOWN,UNKNOWN,UNKNOWN,UNKNOWN,UNKNOWN,UNKNOWN,MEDIUM,WEAK,TRUE,women's fashion boutique Goa,https://pinterest.com/ideas/goa-wear-for-women/893769030355,official_identity_weak
Goa • Instagram photos and videos,,,,https://instagram.com/womenslook_goa,,,,REVIEW,social_identity_insufficient_retail_evidence,UNKNOWN,UNKNOWN,UNKNOWN,UNKNOWN,UNKNOWN,UNKNOWN,MEDIUM,HIGH,TRUE,women's fashion boutique Goa,https://instagram.com/womenslook_goa; https://instagram.com/womenslook_goa?hl=en; https://instagram.com/womenslook_goa/reel/C1mSexwvlul,fashion_retail_evidence_missing
Hong Kong,,,https://voguehk.com/zh,,,,,REVIEW,mentioned_business_not_self,UNKNOWN,UNKNOWN,UNKNOWN,UNKNOWN,UNKNOWN,UNKNOWN,MEDIUM,LOW,TRUE,multi brand fashion store Goa,https://vogue.com/article/how-to-sell-now-multi-brand; https://vogue.com/article/antwerp-belgium-guide,official_identity_weak
iOS App,,,https://app.appsflyer.com/id440676901,,,,,REVIEW,mentioned_business_not_self,UNKNOWN,UNKNOWN,UNKNOWN,UNKNOWN,UNKNOWN,UNKNOWN,MEDIUM,LOW,TRUE,women's fashion boutique Goa,https://agoda.com/travel-guides/india/goa/discover-unique-boutiques-in-goas-hidden-gems,official_identity_weak
La Boa,,,https://blurtheborder.com/places/la-boa,https://instagram.com/blurtheborder_,,,hello@blurtheborder.com,REVIEW,geography_unconfirmed,MULTI_DESIGNER,HIGH,UNKNOWN,YES,UNKNOWN,UNKNOWN,HIGH,MEDIUM,TRUE,concept store Goa fashion,https://blurtheborder.com/places/la-boa,"The page title 'About Us – Blur The Border' lists 'La Boa' alongside other specific brand names like 'Moonray', 'Nilaya Anthology', and 'NO-MAD', indicating a multi-designer or curated store model.; The enrichment role identifies the business type as 'MULTI_DESIGNER', which explicitly fits the criteria for a retailer carrying multiple independent labels.; The text describes the platform's goal to celebrate brands pushing boundaries, suggesting La Boa is a physical retail entity within this ec..."
La Mangrove Boutique • Instagram photos and videos,,,,https://instagram.com/lamangroveboutique,,,,REVIEW,geography_unconfirmed,UNKNOWN,UNKNOWN,UNKNOWN,UNKNOWN,UNKNOWN,UNKNOWN,MEDIUM,MEDIUM,TRUE,women's fashion boutique Goa,https://instagram.com/lamangroveboutique,entity_quality_insufficient
Libas,Noida,"Zivore Apparel Pvt Ltd, B-05, Sec-85, Noida, UP, 201301, IN",https://libas.in?srsltid=AU7gw4Wyuw2wD5wlpAwkDzP9os2_lyHe53os_4WjH5SGsfQ0be11QLTq,https://www.instagram.com/libasindia/?hl=en,https://facebook.com/sharer.php?u=https%3A%2F%2Fwww.libas.in%2F%2Fblogs%2Flibas-purple-edit%2Fmodern-navratri-outfits-to-steal-the-spotlight,+91 9899990772,,REVIEW,geography_unconfirmed,DESIGNER,HIGH,YES,NO,NO,UNKNOWN,HIGH,MEDIUM,TRUE,women's fashion boutique Goa,https://libas.in?srsltid=AU7gw4Wyuw2wD5wlpAwkDzP9os2_lyHe53os_4WjH5SGsfQ0be11QLTq,"Libas is identified as 'Zivore Apparel Pvt Ltd' and sells its own collections (Gerua, Extralove, etc.) under the brand name Libas.; The page lists only Libas sub-brands and collections, with no evidence of carrying independent third-party designer labels.; It functions as a single-brand retailer/own-label studio rather than a multi-brand boutique or curated store.; According to the rules, a business selling primarily its own products is classified as potential_stockist = NO."
Liza’s Boutique Goa • Instagram photos ...,,,,https://instagram.com/liza_boutique_goa,,,,REVIEW,social_identity_insufficient_retail_evidence,UNKNOWN,UNKNOWN,UNKNOWN,UNKNOWN,UNKNOWN,YES,MEDIUM,HIGH,TRUE,women's fashion boutique Goa,https://instagram.com/liza_boutique_goa,fashion_retail_page_evidence; contactable; address_not_required
Lombardia Group,,,https://lombardiastore.com/pages/about-us,https://instagram.com/lombardiagroupjo,https://facebook.com/share/iskc7DNKmC6wWPh7?mibextid=LQQJ4d,+962 65885641,info@lombardia.com.jo,REVIEW,geography_unconfirmed,BOUTIQUE,UNKNOWN,YES,YES,UNKNOWN,UNKNOWN,HIGH,MEDIUM,TRUE,multi brand fashion store Goa,https://lombardiastore.com/pages/about-us,"The website explicitly mentions 'Visit Us & Stay Connected' and provides details to locate their stores, indicating a physical retail presence.; The business is identified as a 'BOUTIQUE' in the rule result.; The search query context ('multi brand fashion store') combined with the site name 'Lombardia Group' and the description of an 'About Us' page for a group suggests a multi-brand or curated independent; The presence of a dedicated 'Stores' location page (referenced in structured facts) su..."
Manju Trends,,,,,https://facebook.com/goa365tv/videos/manju-trends-fashion-unfiltered-shop-number-g-9-kankeshwawri-bldg-a-opp-caro-dis/2034376780843770,,,REVIEW,geography_unconfirmed,UNKNOWN,UNKNOWN,UNKNOWN,UNKNOWN,UNKNOWN,UNKNOWN,MEDIUM,WEAK,TRUE,women's fashion boutique Goa,https://facebook.com/goa365tv/videos/manju-trends-fashion-unfiltered-shop-number-g-9-kankeshwawri-bldg-a-opp-caro-dis/2034376780843770,official_identity_weak
Max and Jan Marrakech Concept Store,,,https://riad-orange.com/max-and-jan-concept-store,,,,,REVIEW,geography_unconfirmed,UNKNOWN,UNKNOWN,UNKNOWN,UNKNOWN,UNKNOWN,UNKNOWN,MEDIUM,MEDIUM,TRUE,concept store Goa fashion,https://riad-orange.com/max-and-jan-concept-store,"The provided text excerpt is empty and structured facts are missing. The page title mentions 'Concept Store', but without visible evidence of multiple brands carried or a physical retail presence in t; The search query suggests a location (Goa) while the title says Marrakech; this discrepancy combined with missing descriptive text prevents verification of the store's actual inventory and business mo"
Maya Boutique,,,https://mayaboutiquegoa.com,,,0832) 2995075,,REVIEW,contradictory_classification,BOUTIQUE,MEDIUM,UNKNOWN,UNKNOWN,NO,YES,HIGH,HIGH,TRUE,women's fashion boutique Goa,https://mayaboutiquegoa.com,Physical boutique presenting multiple independent fashion labels.
Modish Boutique,,,,,https://facebook.com/modishboutique.in,,,REVIEW,ambiguous_identity_keep_separate,UNKNOWN,UNKNOWN,UNKNOWN,UNKNOWN,UNKNOWN,UNKNOWN,MEDIUM,WEAK,TRUE,women's fashion boutique Goa,https://facebook.com/modishboutique.in,official_identity_weak
Modish Boutique,,,,,https://facebook.com/modishboutique.in?locale=vi_VN,,,REVIEW,ambiguous_identity_keep_separate,UNKNOWN,UNKNOWN,UNKNOWN,UNKNOWN,UNKNOWN,UNKNOWN,MEDIUM,WEAK,TRUE,women's fashion boutique Goa,https://facebook.com/modishboutique.in?locale=vi_VN,official_identity_weak
Moontribe Fashion Shop,Goa,,https://moontribefashion.com,https://instagram.com/moontribe_fashion_shop,https://facebook.com/MoontribeFashionShop,,,REVIEW,multi_brand_status_unknown,UNKNOWN,UNKNOWN,UNKNOWN,UNKNOWN,UNKNOWN,YES,MEDIUM,HIGH,TRUE,concept store Goa fashion,https://moontribefashion.com,"The page is an 'About us' section for 'Moontribe Fashion Shop'. The text excerpt lists a long list of shipping countries and currencies (THB), suggesting it may be a drop-shipping or wholesale aggrega; The meta description says 'Coming soon....', indicating the site might not be fully operational as a retail store yet.; No explicit mention of carrying other brands or being a multi-brand concept store is found in the provided text."
NEELSUTRA: The India Fashion Store,,,https://archello.com/project/neelsutra-the-india-fashion-store,,,,,REVIEW,geography_unconfirmed,RETAILER,UNKNOWN,UNKNOWN,YES,UNKNOWN,UNKNOWN,MEDIUM,MEDIUM,TRUE,concept store Goa fashion,https://archello.com/project/neelsutra-the-india-fashion-store,Physical boutique presenting multiple independent fashion labels.; Business name includes 'The India Fashion Store' implying a curated collection of brands.; Archello project page identifies it as a retail store in Goa.
Nocca: A Luxury Multi,,,https://fashionista.com/2024/12/nocca-new-jersey-fashion-store,,,,,REVIEW,geography_unconfirmed,UNKNOWN,HIGH,UNKNOWN,YES,NO,UNKNOWN,MEDIUM,MEDIUM,TRUE,multi brand fashion store Goa,https://fashionista.com/2024/12/nocca-new-jersey-fashion-store,"The page title explicitly describes the business as a 'Luxury Multi-Brand Womenswear Store'. The search query mentions 'Goa', but the article content and metadata indicate the store is located on the ; reasoning_summary"
noorangi,,,https://noorangi.pk?srsltid=AU7gw4U6K4AGcIzn1iccA29p2nlv1V9Gr-JRpJFjS_4oW1ayzz6PQ_6t,https://instagram.com/noorangii,https://facebook.com/noorangii,04232327449,noorangifashion@gmail.com,REVIEW,geography_unconfirmed,UNKNOWN,UNKNOWN,YES,YES,YES,UNKNOWN,MEDIUM,MEDIUM,TRUE,multi brand fashion store Goa,https://noorangi.pk?srsltid=AU7gw4U6K4AGcIzn1iccA29p2nlv1V9Gr-JRpJFjS_4oW1ayzz6PQ_6t,"The website explicitly lists 'Multi Brands' in its headings and describes itself as a 'Pakistan First Multi Brand Sale'.; The page displays specific third-party brand names such as 'Gulnaar', 'Dhanak', 'Masakali Angan', 'Pastel Patel', and 'Kaif', indicating it carries multiple independent labels.; It functions as a physical fashion boutique or curated multi-brand store with a meaningful retail component, fitting the criteria for a potential stockist."
Nykaa Fashion,,,https://nykaafashion.com?srsltid=AU7gw4WTySBiuP5AZC-GT8-ezGnu9Qy-rVpwztoobg1w0PbTcM-Molh7,,,,,REVIEW,ambiguous_identity_keep_separate,UNKNOWN,HIGH,UNKNOWN,YES,UNKNOWN,UNKNOWN,MEDIUM,MEDIUM,TRUE,women's fashion boutique Goa; multi brand fashion store Goa; concept store Goa fashion,https://nykaafashion.com?srsltid=AU7gw4WTySBiuP5AZC-GT8-ezGnu9Qy-rVpwztoobg1w0PbTcM-Molh7,"Nykaa Fashion is a multi-brand online retailer selling clothes and accessories from various independent designers.; The business model involves curating multiple labels rather than selling only an own-label product.; As a curated fashion retailer, it fits the definition of a potential stockist for an independent contemporary fashion label."
Nội thất Masta,,"Design of 60m2 Tablet Plaza store in Binh Duong Today, technology stores all have one common thing: a preference for ...",https://noithatmasta.com/en/fashion-shop-design/fashion-shop-design-mrthai-hoa-go-vap.html,,https://facebook.com/NoithatMasta,0946-545-299,noithatmastasaigon@gmail.com,REVIEW,geography_unconfirmed,UNKNOWN,UNKNOWN,YES,UNKNOWN,NO,UNKNOWN,MEDIUM,MEDIUM,TRUE,concept store Goa fashion,https://noithatmasta.com/en/fashion-shop-design/fashion-shop-design-mrthai-hoa-go-vap.html,"The website 'noithatmasta.com' is primarily a furniture and interior design company ('Nội thất Masta'), as indicated by the meta description focusing on interior construction and the site structure li; The page content describes 'Fashion shop design' projects (e.g., Mr. Thai Hoa), indicating the business provides retail space design services rather than operating a multi-brand boutique or curated st; While the text mentions 'Fashion Shop Design', there is no evidence that the entity sells clo..."
"One moment, please...",,,https://dzinersgoa.com/our-stores.php,,,,,REVIEW,ambiguous_identity_keep_separate,BOUTIQUE,UNKNOWN,UNKNOWN,UNKNOWN,UNKNOWN,UNKNOWN,MEDIUM,MEDIUM,TRUE,women's fashion boutique Goa,https://dzinersgoa.com/our-stores.php,"The page title 'One moment, please...' indicates a loading state for the store locator at dzinersgoa.com/our-stores.php. The enrichment role is 'homepage' and business type is identified as 'BOUTIQUE'"
Pantaloon,,,https://pantaloons.com,https://www.instagram.com/pantaloonsfashion/,https://www.facebook.com/pantaloons/,1800-103-7527,customercare@abfrl.adityabirla.com,REVIEW,geography_unconfirmed,MULTI_DESIGNER,HIGH,UNKNOWN,YES,UNKNOWN,UNKNOWN,HIGH,MEDIUM,TRUE,women's fashion boutique Goa; multi brand fashion store Goa,https://pantaloons.com,"Pantaloons is a multi-brand retailer explicitly listing numerous independent and established labels (e.g., Latin Quarters, Biba, W, Zink London) in its 'Popular Brands' sections.; The site structure includes dedicated categories for Women's Wear, Ethnic Wear, and Western Wear, indicating a comprehensive fashion retail operation capable of stocking an independent contemporary la"
Plazmalab,,Tel Aviv 14 + 16 King George st.,https://plazmalab.com?srsltid=AU7gw4UmKqDVexT4l6ucZzwFEZFH_wiVlexf69J5-yHAaIH6kFw6kHiQ,https://instagram.com/plazmalab,https://facebook.com/plazmalabfamily,+972 35101210,info@plazmalab.com,REVIEW,geography_unconfirmed,UNKNOWN,MEDIUM,YES,NO,NO,UNKNOWN,MEDIUM,MEDIUM,TRUE,women's fashion boutique Goa; concept store Goa fashion,https://plazmalab.com?srsltid=AU7gw4UmKqDVexT4l6ucZzwFEZFH_wiVlexf69J5-yHAaIH6kFw6kHiQ,"The website exclusively presents 'Plazmalab' own-label products (e.g., 'astarta MEN HOOD', 'RIOT MEN'S PANTS'). The text explicitly states '25 Years of Plazmalab' and focuses on the brand's own story.; The search query mentioned 'Goa', but the structured facts and address list only show Tel Aviv, Israel. The page does not confirm a physical boutique in Goa that carries multiple brands; it appears to"
"Rodeo Drive, Multi Brand Store",,,https://ascenciamalls.com/fashion/rodeo-drive-multi-brand-store,,https://facebook.com/Ascenciamalls,+230 460 0707,info@byascencia.com,REVIEW,geography_unconfirmed,UNKNOWN,UNKNOWN,YES,YES,YES,UNKNOWN,MEDIUM,MEDIUM,TRUE,multi brand fashion store Goa,https://ascenciamalls.com/fashion/rodeo-drive-multi-brand-store,"The page explicitly identifies 'Rodeo Drive' as a 'Multi Brand Store' within the Ascencia Malls group.; The business name and headings confirm it is a multi-brand retailer, which fits the criteria for carrying independent contemporary fashion labels.; Contact information (phone, email) and mall locations indicate a physical retail presence."
Rue Miche,Quận 1,"9B Đường Phùng Khắc Khoan, Quận 1, VN",https://ruemiche.com,https://l.facebook.com/l.php?h=AT2Hch0sO_RpPDqC2Q1rfBcimNBR9x7O06e0Sn52IIvwh9SAUqL800rpWDJZF-p4Ky_MiV7oeHfYDCeno5idthxRtZ37RwW-5xBnfoHxbuMMtRGBNwOimjg_v07Zdt2jDYKGaZVPoQ&u=https%3A%2F%2Fwww.instagram.com%2Fruemiche%3Ffbclid%3DIwZXh0bgNhZW0CMTAAYnJpZBExTWRRVmNIMjVYQlFFM2xMNQEenRlDdHBF6lgfeBE_4kv0dLyPVrwjqm1jwjhKSyARTKJvjWf_45kQ2W0SDyw_aem_6Y7OFUunxJWql8jkTcZlNg,https://facebook.com/ruemiche,0904260842,marketing@ruemiche.com,REVIEW,geography_unconfirmed,BOUTIQUE,UNKNOWN,YES,YES,UNKNOWN,UNKNOWN,HIGH,MEDIUM,TRUE,multi brand fashion store Goa,https://ruemiche.com,"Physical boutique presenting multiple independent fashion labels.; Text explicitly states: 'The space showcases over 25 carefully curated local brands'.; Described as a 'curated creative community' and 'multifaceted retail hub', fitting the definition of a multi-brand or concept store suitable for independent contemporary labels."
Scandinavia,,,https://voguescandinavia.com,,,,,REVIEW,mentioned_business_not_self,UNKNOWN,UNKNOWN,UNKNOWN,UNKNOWN,UNKNOWN,UNKNOWN,MEDIUM,LOW,TRUE,multi brand fashion store Goa,https://vogue.com/article/how-to-sell-now-multi-brand; https://vogue.com/article/antwerp-belgium-guide,official_identity_weak
Shop Mauve,,,https://shopmauve.in?srsltid=AU7gw4X8vYwoMWB-sXxcGYL69lfThC7fKUchjNYEoOmF12klGMwJhM9b,https://www.instagram.com/shopmauve.in/,https://www.facebook.com/people/Shop-Mauve/100082811217747/,,info@shopmauve.in,REVIEW,geography_unconfirmed,UNKNOWN,HIGH,UNKNOWN,UNKNOWN,UNKNOWN,UNKNOWN,MEDIUM,MEDIUM,TRUE,women's fashion boutique Goa,https://shopmauve.in?srsltid=AU7gw4X8vYwoMWB-sXxcGYL69lfThC7fKUchjNYEoOmF12klGMwJhM9b,"The provided data contains JSON-LD organization details and social links for 'Shop Mauve', but lacks specific text excerpts or structured facts confirming whether the store is multi-brand, single-bran"
Shoppers Stop End of Season Sale,,,https://shoppersstop.com,,,,,REVIEW,geography_unconfirmed,UNKNOWN,HIGH,UNKNOWN,YES,UNKNOWN,UNKNOWN,MEDIUM,MEDIUM,TRUE,women's fashion boutique Goa; multi brand fashion store Goa,https://shoppersstop.com,"Shoppers Stop is a well-known multi-brand fashion retailer in India that curates and sells products from various independent and established designers.; The website explicitly mentions an 'End of Season Sale' across categories, indicating a retail model involving multiple brands rather than a single own-label studio.; As a physical boutique with a significant women's fashion presence, it fits the criteria for a potential stockist for an independent contemporary fashion label."
Showoffff,,IN,https://showoffff.in?srsltid=AU7gw4WRX3BwrM8HYWZBP_CRLKkXJ9VUlGpa6TBQQHJfXx0VGn2Qle86,https://www.instagram.com/showoffff.in/,https://facebook.com,+91 89049 08824,customercare@showoffclothes.com,REVIEW,geography_unconfirmed,RETAILER,HIGH,YES,UNKNOWN,UNKNOWN,UNKNOWN,HIGH,MEDIUM,TRUE,women's fashion boutique Goa,https://showoffff.in?srsltid=AU7gw4WRX3BwrM8HYWZBP_CRLKkXJ9VUlGpa6TBQQHJfXx0VGn2Qle86,"Physical retailer selling affordable men's and women's fashion with a curated selection of categories (tops, dresses, co-ord sets, ethnicwear). The site structure suggests a multi-category retail oper"
SHREE,New Delhi,"Kh. No. 14/10, Ground Floor, Samalkha, Old Delhi Gurugram Road, New Delhi, Delhi, 110097, IN",https://byshree.com,https://www.instagram.com/shreeisspecial,https://www.facebook.com/shreeisspecial,(+91) 7827990062,,REVIEW,geography_unconfirmed,DESIGNER,MEDIUM,NO,NO,NO,UNKNOWN,HIGH,MEDIUM,TRUE,women's fashion boutique Goa,https://byshree.com,"The website sells only its own brand ('SHREE') products (Kurtas, Kurtis, Tunics) with no indication of carrying other independent labels.; Structured facts and text excerpts identify the business as a 'DESIGNER' selling 'Ethnic Wear Fashion Online'.; No evidence of multi-brand curation or physical boutique status; it functions as an own-label e-commerce store."
Space Tribe,Enskede,"Krokvägen 35, Enskede, 122 62, SE",https://spacetribe.com?srsltid=AU7gw4Vy-5DGw3vREi-0Sl0enOKCC6zrhEx2Zj1vO2v5uYmJfhyGfxqP,https://instagram.com/spacetribe.clothing,https://facebook.com/SpaceTribe.Clothing,+62 361 907 1667,webshop@spacetribe.com,REVIEW,potential_stockist_no_without_hard_exclusion,UNKNOWN,MEDIUM,YES,NO,NO,NO,MEDIUM,HIGH,TRUE,women's fashion boutique Goa,https://spacetribe.com?srsltid=AU7gw4Vy-5DGw3vREi-0Sl0enOKCC6zrhEx2Zj1vO2v5uYmJfhyGfxqP,"The website sells only its own 'Space Tribe' brand (OWN_LABEL) as indicated by the 'About us' story and product categories.; The business is a single-brand designer studio/retailer, not a multi-brand boutique or curated store.; According to guidelines, a single brand/own-label designer selling only its own products should be classified as potential_stockist = NO."
Street Style Store,,,https://streetstylestore.com/tag/goa-dress-for-woman,,,,,REVIEW,geography_unconfirmed,UNKNOWN,HIGH,UNKNOWN,UNKNOWN,UNKNOWN,UNKNOWN,MEDIUM,MEDIUM,TRUE,women's fashion boutique Goa,https://streetstylestore.com/tag/goa-dress-for-woman,The provided URL is a tag page ('/tag/goa-dress-for-woman') rather than a homepage or product listing that confirms the business model. The structured facts indicate 'business_type' as UNKNOWN and 'ph
the flame store,,,,https://instagram.com/theflamestore,,,,REVIEW,social_identity_insufficient_retail_evidence,UNKNOWN,UNKNOWN,UNKNOWN,UNKNOWN,UNKNOWN,UNKNOWN,MEDIUM,HIGH,TRUE,women's fashion boutique Goa; concept store Goa fashion,https://instagram.com/theflamestore; https://instagram.com/theflamestore?hl=en,fashion_retail_evidence_missing
The Good Life Goa · Panjim - Instagram,,,,https://instagram.com/thegoodlifegoa?hl=vi,,,,REVIEW,social_identity_insufficient_retail_evidence,UNKNOWN,UNKNOWN,UNKNOWN,UNKNOWN,UNKNOWN,UNKNOWN,MEDIUM,HIGH,TRUE,concept store Goa fashion,https://instagram.com/thegoodlifegoa?hl=vi,fashion_retail_evidence_missing
THE SHOP by Nana Ki Morjim,Goa,,https://whatsupgoa.com/place/nana-ki,https://instagram.com/whatsupgoa.official,https://facebook.com/whatsupgoa.wug,+918587091462,pratiti@whatsupgoa.com,REVIEW,third_party_listing_identity,BOUTIQUE,UNKNOWN,UNKNOWN,UNKNOWN,UNKNOWN,YES,HIGH,HIGH,TRUE,women's fashion boutique Goa; multi brand fashion store Goa,https://whatsupgoa.com/place/nana-ki,"The page title and headings explicitly identify 'THE SHOP by Nana Ki' as a physical boutique in Morjim, Goa. The text describes the entity as offering 'offbeat designers' and features a dedicated 'Abo"
TikTok,,,,,,,,REVIEW,geography_unconfirmed,UNKNOWN,UNKNOWN,UNKNOWN,UNKNOWN,UNKNOWN,UNKNOWN,MEDIUM,WEAK,TRUE,multi brand fashion store Goa,https://tiktok.com/@lacasaigon.vn/video/7529142168141827341,official_identity_weak
Tusok,,,https://tusokonline.com?srsltid=AU7gw4Uevm4fwbz9_mo1BDGPATeJE82I_4uN_B3xQXzlPnFtQ1iPVQow,https://instagram.com/tusokonline,https://facebook.com/tusokonline,7204136039 10,,REVIEW,geography_unconfirmed,UNKNOWN,MEDIUM,UNKNOWN,NO,NO,UNKNOWN,MEDIUM,MEDIUM,TRUE,women's fashion boutique Goa,https://tusokonline.com?srsltid=AU7gw4Uevm4fwbz9_mo1BDGPATeJE82I_4uN_B3xQXzlPnFtQ1iPVQow,"The website sells only its own 'Couple Combo' and 'Family Matching' sets under the brand name Tusok.; Product listings indicate an own-label strategy (e.g., 'Rosario', 'Delphi') rather than a multi-brand curation.; No evidence of carrying other independent designers or acting as a stockist for external labels.; The business appears to be a direct-to-consumer retailer selling its specific product line, not a boutique presenting multiple brands."
Two Extra Lives,Mumbai,"Store address: Two Extra Lives 562 Doctor Ambedkar Road Pali Gaonthan Bandra West, 111, CTS NO.",https://twoextralives.com?srsltid=AU7gw4WsaXLa5OK92Cb0ln6a-vXz1lBIzQmCHce-M2h_YzCOyO9zK1g4,https://instagram.com/two.extra.lives,https://facebook.com/share/14XhHsVyuE?mibextid=wwXIfr,+918655271937,humans@twoextralives.com,REVIEW,geography_unconfirmed,DESIGNER,UNKNOWN,YES,YES,YES,UNKNOWN,HIGH,MEDIUM,TRUE,concept store Goa fashion,https://twoextralives.com?srsltid=AU7gw4WsaXLa5OK92Cb0ln6a-vXz1lBIzQmCHce-M2h_YzCOyO9zK1g4,"Meta description explicitly states: 'A curated designer concept store for slow fashion, rare finds and conscious living.'; Text excerpt confirms: 'Two Extra Lives is a multi-designer, rental, concept store in Bombay.'; Website structure includes sections for 'women', 'men', and 'Designers', indicating a multi-brand retail model.; Physical address provided confirms it is a brick-and-mortar location capable of stocking independent labels."
uméfashion · GOA,,,,https://instagram.com/umefashion_goa,,,,REVIEW,social_identity_insufficient_retail_evidence,UNKNOWN,UNKNOWN,UNKNOWN,UNKNOWN,UNKNOWN,UNKNOWN,MEDIUM,HIGH,TRUE,women's fashion boutique Goa,https://instagram.com/umefashion_goa,fashion_retail_evidence_missing
virblatt,,,https://virblatt.com/pages/goa-kleidung?shpxid=587f006d-fd16-4552-ae46-07ef13f265fe,https://instagram.com/virblatt,https://facebook.com/virblatt,,,REVIEW,geography_unconfirmed,UNKNOWN,UNKNOWN,UNKNOWN,UNKNOWN,UNKNOWN,UNKNOWN,MEDIUM,MEDIUM,TRUE,multi brand fashion store Goa,https://virblatt.com/pages/goa-kleidung?shpxid=587f006d-fd16-4552-ae46-07ef13f265fe,"The provided data identifies 'virblatt' as an organization but lacks specific page content (headings, text excerpts) confirming it is a multi-brand retailer versus a single-brand studio. The search qu"
Westside,GOA,,https://westside.com/collections/woman,https://www.instagram.com/westsidestores/,https://www.facebook.com/westsidefanpage/,02244576733,westside@trent-tata.com,REVIEW,geography_unconfirmed,UNKNOWN,HIGH,YES,YES,UNKNOWN,UNKNOWN,MEDIUM,MEDIUM,TRUE,women's fashion boutique Goa,https://westside.com/collections/woman,"Westside is a multi-brand retailer (owned by Trent Limited) offering collections for Woman, Man, Kids, and Beauty.; The website explicitly lists 'Sites & Stores' and mentions locations including Goa.; As a large-format department store or multi-brand concept retailer, it presents a viable channel to carry independent contemporary fashion labels alongside its own private labels."
Wild Sugar,,,https://wildsugar.fashion,,,,,REVIEW,geography_unconfirmed,UNKNOWN,UNKNOWN,UNKNOWN,UNKNOWN,UNKNOWN,UNKNOWN,MEDIUM,MEDIUM,TRUE,women's fashion boutique Goa,https://wildsugar.fashion,"The provided data contains only the business name 'Wild Sugar' and generic enrichment roles (homepage, contact, location). There is no text excerpt, headings, or structured facts indicating whether th; According to instructions, 'Sells women's clothes' or generic fashion keywords are not sufficient alone. Without evidence that 'Wild Sugar' presents several labels or fits the specific stockist criter"
YesPlz AI,,,https://yesplz.ai/segment/fashion-AI-for-multi-brand,https://instagram.com/yesplz.ai,,,,REVIEW,geography_unconfirmed,MULTI_DESIGNER,MEDIUM,UNKNOWN,UNKNOWN,NO,UNKNOWN,HIGH,MEDIUM,TRUE,multi brand fashion store Goa,https://yesplz.ai/segment/fashion-AI-for-multi-brand,"The website is for 'YesPlz AI', an SaaS provider offering fashion AI solutions (visual search, auto-tagging) to retailers like Looxloo and Zilo. The page content describes software features and client"
Zaia Goa Concept Store,,,,https://instagram.com/zaiagoa?hl=en,,,,REVIEW,social_identity_insufficient_retail_evidence,UNKNOWN,UNKNOWN,UNKNOWN,UNKNOWN,UNKNOWN,YES,MEDIUM,HIGH,TRUE,women's fashion boutique Goa,https://instagram.com/zaiagoa?hl=en; https://instagram.com/zaiagoa,fashion_retail_page_evidence; contactable; address_not_required
